<aiskillconfig uniquename="ais_FormFillFieldOptOut_contact_wbush_followupstatus">
  <aiskill>FormFillFieldOptOut</aiskill>
  <attribute>
    <entityid.logicalname>contact</entityid.logicalname>
    <logicalname>wbush_followupstatus</logicalname>
  </attribute>
  <description>contact - Follow-Up Status Form fill opt out</description>
  <entity>
    <logicalname>contact</logicalname>
  </entity>
  <iscustomizable>1</iscustomizable>
  <scope>1</scope>
  <statecode>0</statecode>
  <statuscode>1</statuscode>
</aiskillconfig>